Date,Order_ID,Product,SKU,Region,Salesperson,Quantity,Unit_Price,Revenue,Customer_ID,Channel,Notes
2026-05-07,D-00001,Usb Cable,USB-1,East,Carla,6.0,12.0,72.0,CUST-1077,B2B,mixed quantity type
2026-02-21,D-00002,Monitor,MON-1,East,Carla,23.0,180.0,4140.0,CUST-1111,Online,mixed quantity type
2026-03-15,D-00003,Keyboard,KEY-1,South,Bob,33.0,45.0,1485.0,CUST-1213,Store,mixed quantity type
2026-05-10,D-00004,Headset,HDS-1,West,Carla,20.0,95.0,1900.0,CUST-1076,B2B,mixed quantity type
2026-03-12,D-00005,Keyboard,KEY-1,North,Carla,12.0,45.0,540.0,CUST-1269,Online,mixed quantity type
2026-04-13,D-00006,Mouse,MOU-1,South,Bob,7.0,25.0,900.0,CUST-1283,Online,mixed quantity type
2026-04-09,D-00007,Mouse,MOU-1,East,Carla,33.0,25.0,825.0,CUST-1242,Online,mixed quantity type
2026-03-21,D-00008,Monitor,MON-1,South,David,3.0,180.0,540.0,CUST-1256,Online,mixed quantity type
2026-02-11,D-00009,Headset,HDS-1,South,Carla,9.0,180.0,855.0,CUST-1284,B2B,mixed price type
2026-04-19,D-00010,Mouse,MOU-1,North,Alice,7.0,25.0,175.0,CUST-1017,Online,mixed quantity type
2026-03-10,D-00011,Headset,HDS-1,West,Alice,6.0,95.0,570.0,CUST-1007,Online,mixed quantity type
2026-02-11,D-00012,Keyboard,KEY-1,East,Carla,19.0,45.0,855.0,CUST-1180,Online,mixed quantity type
2026-04-01,D-00013,Keyboard,KEY-1,West,Carla,18.0,45.0,810.0,CUST-1049,Online,mixed quantity type
2026-04-29,D-00014,Keyboard,KEY-1,West,Carla,15.0,45.0,675.0,CUST-1084,Store,mixed quantity type
2026-03-28,D-00015,Usb Cable,USB-1,East,Carla,7.0,12.0,360.0,CUST-1115,B2B,mixed quantity type
2026-03-11,D-00016,Usb Cable,USB-1,South,Carla,39.0,12.0,468.0,CUST-1035,Online,mixed quantity type
2026-04-09,D-00017,Usb Cable,USB-1,North,Bob,33.0,12.0,1102.5,CUST-1059,B2B,missing revenue
2026-04-15,D-00018,Usb Cable,USB-1,South,Bob,10.0,12.0,120.0,CUST-1251,B2B,mixed quantity type
2026-04-16,D-00019,Laptop,LAP-1,West,David,14.0,645.0,11900.0,CUST-1135,Store,mixed quantity type
2026-02-06,D-00020,Monitor,MON-1,South,Bob,1.0,180.0,180.0,CUST-1202,Store,mixed quantity type
2026-04-01,D-00021,Keyboard,KEY-1,East,Alice,30.0,45.0,1350.0,CUST-1113,Online,mixed quantity type
2026-03-22,D-00022,Monitor,MON-1,West,Bob,96.0,180.0,15345.0,CUST-1082,Store,extreme outlier
2026-02-20,D-00023,Laptop,LAP-1,West,Bob,12.0,645.0,10200.0,CUST-1257,Online,mixed quantity type
2026-04-10,D-00024,Mouse,MOU-1,East,Carla,31.0,25.0,775.0,CUST-1110,Store,mixed quantity type
2026-02-27,D-00025,Mouse,MOU-1,West,Carla,1.0,25.0,25.0,CUST-1291,Store,mixed quantity type
2026-04-26,D-00026,Laptop,LAP-1,South,David,26.0,645.0,15345.0,CUST-1118,Online,mixed quantity type
2026-02-24,D-00027,Mouse,MOU-1,East,Carla,17.0,25.0,425.0,CUST-1296,Store,mixed quantity type
2026-02-12,D-00028,Laptop,LAP-1,South,Alice,34.0,645.0,15345.0,CUST-1078,B2B,mixed quantity type
2026-02-24,D-00029,Laptop,LAP-1,West,Alice,2.0,645.0,1700.0,CUST-1242,Online,mixed quantity type
2026-02-03,D-00030,Keyboard,KEY-1,South,Alice,36.0,45.0,1620.0,CUST-1042,Online,mixed quantity type
2026-03-25,D-00031,Headset,HDS-1,East,David,22.0,95.0,2090.0,CUST-1293,B2B,mixed quantity type
2026-02-22,D-00032,Laptop,LAP-1,North,Bob,40.0,645.0,15345.0,CUST-1209,Store,mixed quantity type
2026-04-30,D-00033,Monitor,MON-1,East,Carla,22.0,180.0,3960.0,CUST-1243,Online,mixed quantity type
2026-03-19,D-00034,Usb Cable,USB-1,East,Carla,14.0,12.0,168.0,CUST-1045,Online,mixed quantity type
2026-03-05,D-00035,Usb Cable,USB-1,East,Alice,5.0,12.0,60.0,CUST-1280,Online,mixed quantity type
2026-04-11,D-00036,Keyboard,KEY-1,South,Alice,12.0,45.0,540.0,CUST-1250,Online,mixed quantity type
2026-02-15,D-00037,Keyboard,KEY-1,South,Carla,7.0,45.0,90.0,CUST-1269,Online,mixed quantity type
2026-03-12,D-00038,Keyboard,KEY-1,West,Bob,12.0,45.0,540.0,CUST-1038,B2B,mixed quantity type
2026-04-16,D-00039,Usb Cable,USB-1,East,Alice,1.0,12.0,1102.5,CUST-1196,B2B,missing revenue
2026-03-31,D-00040,Headset,HDS-1,South,Alice,7.0,95.0,3705.0,CUST-1195,Online,mixed quantity type
2026-04-20,D-00041,Usb Cable,USB-1,North,Carla,25.0,12.0,300.0,CUST-1060,Online,mixed quantity type
2026-02-24,D-00042,Mouse,MOU-1,North,David,30.0,25.0,750.0,CUST-1260,Online,mixed quantity type
2026-04-14,D-00043,Usb Cable,USB-1,West,Carla,29.0,12.0,348.0,CUST-1053,Online,mixed quantity type
2026-05-08,D-00044,Headset,HDS-1,North,Carla,24.0,95.0,2280.0,CUST-1239,Online,mixed quantity type
2026-02-16,D-00045,Laptop,LAP-1,East,Carla,22.0,645.0,15345.0,CUST-1105,Online,mixed quantity type
2026-02-24,D-00046,Headset,HDS-1,East,Carla,7.0,95.0,2565.0,CUST-1032,Online,mixed quantity type
2026-05-08,D-00047,Usb Cable,USB-1,East,Carla,22.0,12.0,264.0,CUST-1245,Store,mixed quantity type
2026-03-10,D-00048,Mouse,MOU-1,East,Alice,13.0,25.0,325.0,CUST-1086,Online,mixed quantity type
2026-02-26,D-00049,Mouse,MOU-1,East,David,32.0,25.0,800.0,CUST-1201,B2B,mixed quantity type
2026-05-06,D-00050,Keyboard,KEY-1,South,Carla,34.0,45.0,1530.0,CUST-1226,Online,mixed quantity type
2026-02-11,D-00051,Keyboard,KEY-1,East,Carla,23.0,45.0,1035.0,CUST-1163,Online,mixed quantity type
2026-02-05,D-00052,Headset,HDS-1,East,Bob,9.0,95.0,855.0,CUST-1002,Store,mixed quantity type
2026-05-04,D-00053,Keyboard,KEY-1,West,Carla,34.0,45.0,1530.0,CUST-1170,Online,mixed quantity type
2026-03-03,D-00054,Monitor,MON-1,East,Alice,23.0,180.0,4140.0,CUST-1191,Store,mixed quantity type
2026-04-10,D-00055,Mouse,MOU-1,South,Bob,13.0,25.0,325.0,CUST-1061,Store,mixed quantity type
2026-03-25,D-00056,Usb Cable,USB-1,South,Alice,25.0,12.0,300.0,CUST-1243,Store,mixed quantity type
2026-03-31,D-00057,Mouse,MOU-1,North,Carla,4.0,25.0,100.0,CUST-1111,Store,mixed quantity type
2026-05-02,D-00058,Keyboard,KEY-1,North,Carla,2.0,45.0,90.0,CUST-1184,Store,mixed quantity type
2026-03-02,D-00059,Usb Cable,USB-1,South,Carla,29.0,12.0,348.0,CUST-1239,B2B,mixed quantity type
2026-04-24,D-00060,Monitor,MON-1,East,Carla,18.0,180.0,3240.0,CUST-1019,Store,mixed quantity type
2026-02-28,D-00061,Mouse,MOU-1,South,Alice,32.0,25.0,800.0,CUST-1171,Store,mixed quantity type
2026-02-19,D-00062,Laptop,LAP-1,North,Alice,37.0,645.0,15345.0,CUST-1091,Online,mixed quantity type
2026-04-04,D-00063,Monitor,MON-1,West,David,3.0,180.0,540.0,CUST-1058,Online,mixed quantity type
2026-03-11,D-00064,Usb Cable,USB-1,East,Bob,17.0,12.0,204.0,CUST-1265,Store,mixed quantity type
2026-02-25,D-00065,Laptop,LAP-1,East,David,28.0,645.0,1102.5,CUST-1138,Online,missing revenue
2026-04-02,D-00066,Usb Cable,USB-1,South,Bob,38.0,12.0,456.0,CUST-1209,Online,mixed quantity type
2026-02-24,D-00067,Monitor,MON-1,East,Carla,2.0,180.0,360.0,CUST-1030,Online,mixed quantity type
2026-02-11,D-00068,Headset,HDS-1,North,Bob,35.0,95.0,3325.0,CUST-1204,Online,mixed quantity type
2026-02-28,D-00069,Usb Cable,USB-1,West,Carla,8.0,12.0,96.0,CUST-1052,Online,mixed quantity type
2026-05-06,D-00070,Mouse,MOU-1,South,Alice,16.0,25.0,400.0,CUST-1250,Store,mixed quantity type
2026-02-09,D-00071,Laptop,LAP-1,East,Carla,26.0,645.0,15345.0,CUST-1020,Online,mixed quantity type
2026-02-05,D-00072,Monitor,MON-1,East,Carla,34.0,180.0,6120.0,CUST-1262,Store,mixed quantity type
2026-02-02,D-00073,Mouse,MOU-1,East,David,17.0,25.0,425.0,CUST-1145,Online,mixed quantity type
2026-04-28,D-00074,Laptop,LAP-1,East,Alice,19.0,645.0,15345.0,CUST-1005,Store,mixed quantity type
2026-02-16,D-00075,Monitor,MON-1,East,Carla,36.0,180.0,6480.0,CUST-1131,Store,mixed quantity type
2026-05-06,D-00076,Laptop,LAP-1,East,Carla,28.0,645.0,15345.0,CUST-1133,B2B,mixed quantity type
2026-02-06,D-00077,Usb Cable,USB-1,West,Bob,36.0,12.0,432.0,CUST-1012,Store,mixed quantity type
2026-02-24,D-00078,Headset,HDS-1,West,David,3.0,95.0,285.0,CUST-1079,Online,mixed quantity type
2026-04-21,D-00079,Usb Cable,USB-1,West,Alice,4.0,12.0,48.0,CUST-1066,Store,mixed quantity type
2026-04-18,D-00080,Headset,HDS-1,West,Bob,40.0,95.0,3800.0,CUST-1125,B2B,mixed quantity type
2026-03-24,D-00081,Keyboard,KEY-1,West,Alice,17.0,45.0,765.0,CUST-1180,B2B,mixed quantity type
2026-02-08,D-00082,Mouse,MOU-1,West,David,30.0,25.0,750.0,CUST-1110,Online,mixed quantity type
2026-04-13,D-00083,Keyboard,KEY-1,East,Bob,7.0,45.0,45.0,CUST-1019,Online,mixed quantity type
2026-03-22,D-00084,Usb Cable,USB-1,North,Alice,9.0,12.0,108.0,CUST-1290,Store,mixed quantity type
2026-02-08,D-00085,Keyboard,KEY-1,East,David,20.0,45.0,900.0,CUST-1227,Online,mixed quantity type
2026-04-18,D-00086,Monitor,MON-1,South,David,14.0,180.0,2520.0,CUST-1167,Store,mixed quantity type
2026-04-09,D-00087,Laptop,LAP-1,West,Bob,24.0,645.0,15345.0,CUST-1263,Store,mixed quantity type
2026-03-28,D-00088,Keyboard,KEY-1,South,Bob,9.0,45.0,405.0,CUST-1185,B2B,mixed quantity type
2026-04-24,D-00089,Monitor,MON-1,North,David,27.0,180.0,4860.0,CUST-1173,Store,mixed quantity type
2026-02-25,D-00090,Mouse,MOU-1,West,David,4.0,25.0,100.0,CUST-1155,B2B,mixed quantity type
2026-05-06,D-00091,Usb Cable,USB-1,West,Carla,30.0,12.0,360.0,CUST-1262,Store,mixed quantity type
2026-03-09,D-00092,Usb Cable,USB-1,East,Bob,8.0,12.0,96.0,CUST-1130,B2B,mixed quantity type
2026-03-25,D-00093,Headset,HDS-1,East,David,19.0,180.0,1805.0,CUST-1177,B2B,mixed price type
2026-04-18,D-00094,Headset,HDS-1,North,Bob,14.0,95.0,1330.0,CUST-1078,Online,mixed quantity type
2026-03-29,D-00095,Keyboard,KEY-1,East,Carla,20.0,45.0,900.0,CUST-1190,Store,mixed quantity type
2026-02-24,D-00096,Keyboard,KEY-1,East,Bob,19.0,45.0,855.0,CUST-1147,Online,mixed quantity type
2026-04-17,D-00097,Mouse,MOU-1,North,Carla,31.0,25.0,775.0,CUST-1169,B2B,mixed quantity type
2026-04-18,D-00098,Keyboard,KEY-1,East,Carla,36.0,45.0,1620.0,CUST-1054,Online,mixed quantity type
2026-03-27,D-00099,Mouse,MOU-1,East,Alice,13.0,25.0,325.0,CUST-1078,B2B,mixed quantity type
2026-03-19,D-00100,Usb Cable,USB-1,East,Carla,15.0,12.0,180.0,CUST-1228,B2B,mixed quantity type
2026-04-21,D-00101,Headset,HDS-1,East,Bob,2.0,95.0,190.0,CUST-1251,Store,mixed quantity type
2026-04-28,D-00102,Monitor,MON-1,South,Alice,26.0,180.0,4680.0,CUST-1103,B2B,mixed quantity type
2026-02-14,D-00103,Monitor,MON-1,South,Carla,4.0,180.0,720.0,CUST-1180,B2B,mixed price type
2026-04-21,D-00104,Keyboard,KEY-1,East,Bob,24.0,45.0,1080.0,CUST-1104,B2B,mixed quantity type
2026-04-26,D-00105,Monitor,MON-1,West,David,27.0,180.0,4860.0,CUST-1003,B2B,mixed quantity type
2026-05-07,D-00106,Usb Cable,USB-1,South,Alice,7.0,12.0,72.0,CUST-1242,Online,mixed quantity type
2026-03-20,D-00107,Keyboard,KEY-1,West,Carla,31.0,45.0,1395.0,CUST-1298,Store,mixed quantity type
2026-03-01,D-00108,Monitor,MON-1,West,Bob,36.0,180.0,6480.0,CUST-1035,Online,mixed quantity type
2026-04-29,D-00109,Monitor,MON-1,East,David,3.0,180.0,540.0,CUST-1012,Online,mixed quantity type
2026-02-05,D-00110,Keyboard,KEY-1,North,Alice,24.0,45.0,1080.0,CUST-1189,Store,mixed quantity type
2026-02-23,D-00111,Laptop,LAP-1,South,Bob,11.0,645.0,9350.0,CUST-1111,Store,mixed quantity type
2026-03-28,D-00112,Mouse,MOU-1,West,Bob,32.0,25.0,800.0,CUST-1278,Store,mixed quantity type
2026-04-23,D-00113,Monitor,MON-1,East,Bob,34.0,180.0,6120.0,CUST-1270,B2B,mixed quantity type
2026-03-09,D-00114,Monitor,MON-1,East,Carla,7.0,180.0,6120.0,CUST-1127,Online,missing quantity
2026-03-07,D-00115,Mouse,MOU-1,North,Carla,1.0,25.0,25.0,CUST-1095,Online,mixed quantity type
2026-05-10,D-00116,Monitor,MON-1,East,Carla,28.0,180.0,5040.0,CUST-1140,Online,mixed quantity type
2026-03-05,D-00117,Monitor,MON-1,East,Carla,36.0,180.0,6480.0,CUST-1208,Store,mixed quantity type
2026-03-29,D-00118,Usb Cable,USB-1,East,Carla,21.0,12.0,252.0,CUST-1139,Store,mixed quantity type
2026-04-14,D-00119,Mouse,MOU-1,South,Carla,20.0,25.0,500.0,CUST-1111,Store,mixed quantity type
2026-04-20,D-00120,Headset,HDS-1,East,Carla,22.0,95.0,2090.0,CUST-1159,Online,mixed quantity type
2026-02-19,D-00121,Mouse,MOU-1,East,Alice,40.0,25.0,1000.0,CUST-1284,Store,mixed quantity type
2026-03-21,D-00122,Keyboard,KEY-1,East,Alice,38.0,45.0,1710.0,CUST-1062,Online,mixed quantity type
2026-04-10,D-00123,Mouse,MOU-1,East,Bob,9.0,25.0,225.0,CUST-1136,Online,mixed quantity type
2026-04-13,D-00124,Monitor,MON-1,South,Carla,9.0,180.0,1620.0,CUST-1285,B2B,mixed quantity type
2026-02-07,D-00125,Monitor,MON-1,West,David,5.0,180.0,900.0,CUST-1253,Store,mixed quantity type
2026-03-04,D-00126,Laptop,LAP-1,East,David,17.0,645.0,14450.0,CUST-1230,Online,mixed quantity type
2026-03-24,D-00127,Headset,HDS-1,West,Alice,24.0,95.0,2280.0,CUST-1027,B2B,mixed quantity type
2026-03-16,D-00128,Laptop,LAP-1,East,Carla,9.0,645.0,7650.0,CUST-1130,Store,mixed quantity type
2026-03-06,D-00129,Mouse,MOU-1,East,Alice,27.0,25.0,675.0,CUST-1130,Online,mixed quantity type
2026-03-18,D-00130,Mouse,MOU-1,North,Alice,17.0,25.0,425.0,CUST-1261,Online,mixed quantity type
2026-03-29,D-00131,Keyboard,KEY-1,South,David,30.0,45.0,1350.0,CUST-1042,Online,mixed quantity type
2026-04-15,D-00132,Laptop,LAP-1,North,David,37.0,645.0,15345.0,CUST-1209,B2B,mixed quantity type
2026-04-22,D-00133,Laptop,LAP-1,North,Alice,16.0,645.0,13600.0,CUST-1134,Store,mixed quantity type
2026-02-24,D-00134,Mouse,MOU-1,East,Bob,37.0,25.0,925.0,CUST-1095,Online,mixed quantity type
2026-04-27,D-00135,Usb Cable,USB-1,North,Alice,4.0,12.0,48.0,CUST-1205,Online,mixed quantity type
2026-05-07,D-00136,Usb Cable,USB-1,North,David,40.0,12.0,480.0,CUST-1077,Store,mixed quantity type
2026-04-19,D-00137,Laptop,LAP-1,East,Carla,34.0,645.0,15345.0,CUST-1297,Online,mixed quantity type
2026-03-19,D-00138,Usb Cable,USB-1,South,Carla,7.0,12.0,468.0,CUST-1048,Online,mixed quantity type
2026-03-10,D-00139,Mouse,MOU-1,South,Alice,21.0,25.0,525.0,CUST-1247,Online,mixed quantity type
2026-05-05,D-00140,Headset,HDS-1,West,Bob,24.0,95.0,2280.0,CUST-1071,Online,mixed quantity type
2026-03-24,D-00141,Usb Cable,USB-1,East,Alice,38.0,12.0,456.0,CUST-1144,Online,mixed quantity type
2026-03-03,D-00142,Mouse,MOU-1,South,Bob,3.0,25.0,75.0,CUST-1044,Store,mixed quantity type
2026-03-25,D-00143,Monitor,MON-1,South,Carla,27.0,180.0,4860.0,CUST-1044,Online,mixed quantity type
2026-03-18,D-00144,Keyboard,KEY-1,South,Bob,7.0,45.0,1485.0,CUST-1215,Online,mixed quantity type
2026-02-18,D-00145,Laptop,LAP-1,North,Carla,16.0,645.0,13600.0,CUST-1160,Online,mixed quantity type
2026-02-01,D-00146,Laptop,LAP-1,East,Carla,23.0,645.0,15345.0,CUST-1021,Online,mixed quantity type
2026-04-16,D-00147,Laptop,LAP-1,North,Alice,21.0,645.0,15345.0,CUST-1267,Online,mixed quantity type
2026-03-22,D-00148,Monitor,MON-1,East,Bob,39.0,180.0,7020.0,CUST-1294,Store,mixed quantity type
2026-05-09,D-00149,Headset,HDS-1,West,David,7.0,95.0,1425.0,CUST-1041,Online,mixed quantity type
2026-03-15,D-00150,Monitor,MON-1,North,Bob,4.0,180.0,720.0,CUST-1016,Store,mixed quantity type
2026-03-07,D-00151,Mouse,MOU-1,South,David,26.0,25.0,650.0,CUST-1056,Store,mixed quantity type
2026-02-04,D-00152,Mouse,MOU-1,North,David,3.0,25.0,75.0,CUST-1156,Store,mixed quantity type
2026-04-06,D-00153,Laptop,LAP-1,East,David,7.0,645.0,15345.0,CUST-1126,Store,missing quantity
2026-03-26,D-00154,Mouse,MOU-1,South,Bob,7.0,25.0,400.0,CUST-1238,Online,mixed quantity type
2026-02-07,D-00155,Laptop,LAP-1,East,Carla,37.0,645.0,15345.0,CUST-1119,Online,mixed quantity type
2026-03-30,D-00156,Laptop,LAP-1,West,Carla,7.0,645.0,8500.0,CUST-1225,Online,missing quantity
2026-02-15,D-00157,Mouse,MOU-1,West,Bob,22.0,25.0,550.0,CUST-1108,Online,mixed quantity type
2026-04-14,D-00158,Headset,HDS-1,South,Carla,31.0,95.0,1102.5,CUST-1270,Online,missing revenue
2026-03-31,D-00159,Monitor,MON-1,East,Bob,39.0,180.0,7020.0,CUST-1288,Store,mixed quantity type
2026-02-04,D-00160,Headset,HDS-1,West,Alice,5.0,95.0,475.0,CUST-1193,Store,mixed quantity type
2026-05-10,D-00161,Usb Cable,USB-1,South,Carla,13.0,12.0,156.0,CUST-1147,Online,mixed quantity type
2026-04-05,D-00162,Laptop,LAP-1,North,Carla,34.0,645.0,15345.0,CUST-1179,Online,mixed quantity type
2026-05-03,D-00163,Headset,HDS-1,West,David,19.0,95.0,1805.0,CUST-1292,Store,mixed quantity type
2026-03-20,D-00164,Monitor,MON-1,South,Alice,2.0,180.0,360.0,CUST-1295,B2B,mixed quantity type
2026-03-23,D-00165,Mouse,MOU-1,North,Bob,1.0,25.0,25.0,CUST-1230,Online,mixed quantity type
2026-04-16,D-00166,Headset,HDS-1,West,Carla,11.0,95.0,1045.0,CUST-1033,Online,mixed quantity type
2026-04-13,D-00167,Monitor,MON-1,West,Bob,96.0,180.0,15345.0,CUST-1223,Online,extreme outlier
2026-04-17,D-00168,Headset,HDS-1,East,Alice,5.0,95.0,475.0,CUST-1239,Online,mixed quantity type
2026-02-07,D-00169,Mouse,MOU-1,North,David,9.0,25.0,225.0,CUST-1268,Online,mixed quantity type
2026-04-01,D-00170,Monitor,MON-1,East,Bob,32.0,180.0,5760.0,CUST-1197,Store,mixed quantity type
2026-02-17,D-00171,Laptop,LAP-1,West,Carla,7.0,645.0,5950.0,CUST-1156,Online,mixed quantity type
2026-02-04,D-00172,Monitor,MON-1,East,Alice,29.0,180.0,5220.0,CUST-1085,Store,mixed quantity type
2026-02-05,D-00173,Keyboard,KEY-1,West,Carla,8.0,45.0,360.0,CUST-1144,Online,mixed quantity type
2026-04-09,D-00174,Headset,HDS-1,North,Carla,40.0,95.0,3800.0,CUST-1239,Online,mixed quantity type
2026-03-07,D-00175,Headset,HDS-1,North,Bob,34.0,95.0,3230.0,CUST-1057,Online,mixed quantity type
2026-05-05,D-00176,Monitor,MON-1,East,Bob,17.0,180.0,3060.0,CUST-1191,Store,mixed quantity type
2026-04-21,D-00177,Headset,HDS-1,South,Carla,22.0,95.0,2090.0,CUST-1296,Store,mixed quantity type
2026-04-02,D-00178,Laptop,LAP-1,West,Bob,12.0,645.0,10200.0,CUST-1031,Online,mixed quantity type
2026-03-21,D-00179,Keyboard,KEY-1,East,Alice,28.0,45.0,1260.0,CUST-1295,Online,mixed quantity type
2026-04-14,D-00180,Monitor,MON-1,North,Bob,38.0,180.0,6840.0,CUST-1039,Store,mixed quantity type
2026-05-09,D-00181,Usb Cable,USB-1,East,Bob,31.0,12.0,372.0,CUST-1263,Online,mixed quantity type
2026-05-04,D-00182,Monitor,MON-1,East,Bob,24.0,180.0,4320.0,CUST-1027,Store,mixed quantity type
2026-04-18,D-00183,Headset,HDS-1,East,Alice,18.0,95.0,1710.0,CUST-1058,Store,mixed quantity type
2026-04-13,D-00184,Mouse,MOU-1,West,David,26.0,25.0,650.0,CUST-1062,Online,mixed quantity type
2026-03-02,D-00185,Usb Cable,USB-1,East,Carla,11.0,12.0,132.0,CUST-1261,Online,mixed quantity type
2026-03-15,D-00186,Laptop,LAP-1,East,David,16.0,645.0,13600.0,CUST-1028,B2B,mixed quantity type
2026-03-14,D-00187,Monitor,MON-1,East,Carla,32.0,180.0,5760.0,CUST-1104,Online,mixed quantity type
2026-02-17,D-00188,Headset,HDS-1,South,Alice,20.0,95.0,1900.0,CUST-1035,Online,mixed quantity type
2026-03-15,D-00189,Monitor,MON-1,North,Carla,7.0,180.0,4140.0,CUST-1263,Online,mixed quantity type
2026-05-05,D-00190,Mouse,MOU-1,South,Carla,25.0,25.0,625.0,CUST-1095,Store,mixed quantity type
2026-03-05,D-00191,Mouse,MOU-1,East,Carla,13.0,25.0,325.0,CUST-1002,Store,mixed quantity type
2026-02-25,D-00192,Keyboard,KEY-1,West,Carla,7.0,45.0,945.0,CUST-1136,Online,mixed quantity type
2026-02-08,D-00193,Headset,HDS-1,West,Carla,7.0,95.0,475.0,CUST-1133,Store,mixed quantity type
2026-02-25,D-00194,Keyboard,KEY-1,North,Alice,18.0,45.0,810.0,CUST-1268,Online,mixed quantity type
2026-04-06,D-00195,Usb Cable,USB-1,North,Bob,40.0,12.0,480.0,CUST-1079,Online,mixed quantity type
2026-04-17,D-00196,Mouse,MOU-1,South,Alice,24.0,25.0,600.0,CUST-1051,Online,mixed quantity type
2026-03-14,D-00197,Headset,HDS-1,North,Alice,32.0,180.0,3040.0,CUST-1210,B2B,mixed price type
2026-04-29,D-00198,Mouse,MOU-1,South,Carla,25.0,25.0,625.0,CUST-1213,Store,mixed quantity type
2026-02-01,D-00199,Mouse,MOU-1,East,Bob,8.0,25.0,200.0,CUST-1073,Online,mixed quantity type
2026-03-04,D-00200,Usb Cable,USB-1,South,Bob,7.0,12.0,228.0,CUST-1141,Online,mixed quantity type
2026-03-22,D-00201,Laptop,LAP-1,West,Alice,40.0,645.0,15345.0,CUST-1025,Online,mixed quantity type
2026-02-07,D-00202,Mouse,MOU-1,West,David,37.0,25.0,925.0,CUST-1055,Online,mixed quantity type
2026-02-25,D-00203,Keyboard,KEY-1,West,Bob,9.0,45.0,1102.5,CUST-1000,Store,missing revenue
2026-02-22,D-00204,Keyboard,KEY-1,North,David,7.0,45.0,315.0,CUST-1223,B2B,mixed quantity type
2026-04-27,D-00205,Laptop,LAP-1,South,Bob,34.0,645.0,15345.0,CUST-1100,Online,mixed quantity type
2026-03-23,D-00206,Keyboard,KEY-1,East,Alice,1.0,45.0,45.0,CUST-1168,Online,mixed quantity type
2026-05-01,D-00207,Keyboard,KEY-1,South,Carla,36.0,45.0,1620.0,CUST-1280,Store,mixed quantity type
2026-04-14,D-00208,Laptop,LAP-1,North,Alice,22.0,645.0,15345.0,CUST-1299,Online,mixed quantity type
2026-04-24,D-00209,Headset,HDS-1,West,Carla,7.0,95.0,665.0,CUST-1257,Online,mixed quantity type
2026-03-10,D-00210,Laptop,LAP-1,South,Carla,7.0,645.0,15345.0,CUST-1295,Store,mixed quantity type
2026-02-25,D-00211,Usb Cable,USB-1,North,Alice,8.0,12.0,96.0,CUST-1083,Online,mixed quantity type
2026-02-04,D-00212,Laptop,LAP-1,East,Carla,29.0,645.0,15345.0,CUST-1157,Online,mixed quantity type
2026-04-21,D-00213,Usb Cable,USB-1,South,Alice,33.0,12.0,396.0,CUST-1277,Store,mixed quantity type
2026-04-01,D-00214,Mouse,MOU-1,West,David,39.0,25.0,975.0,CUST-1052,Online,mixed quantity type
2026-03-12,D-00215,Keyboard,KEY-1,East,Bob,37.0,45.0,1665.0,CUST-1058,Store,mixed quantity type
2026-04-25,D-00216,Laptop,LAP-1,North,Bob,7.0,645.0,5950.0,CUST-1052,B2B,missing quantity
2026-03-24,D-00217,Usb Cable,USB-1,South,Alice,11.0,12.0,132.0,CUST-1064,Store,mixed quantity type
2026-05-04,D-00218,Headset,HDS-1,North,Bob,17.0,95.0,1615.0,CUST-1080,Online,mixed quantity type
2026-02-18,D-00219,Keyboard,KEY-1,North,Bob,16.0,45.0,720.0,CUST-1274,Online,mixed quantity type
2026-03-29,D-00220,Laptop,LAP-1,West,Bob,29.0,645.0,15345.0,CUST-1274,Online,mixed quantity type
2026-04-23,D-00221,Headset,HDS-1,East,Carla,28.0,95.0,2660.0,CUST-1249,Store,mixed quantity type
2026-02-10,D-00222,Laptop,LAP-1,West,Alice,29.0,645.0,15345.0,CUST-1010,Store,mixed quantity type
2026-02-28,D-00223,Headset,HDS-1,West,Carla,3.0,95.0,285.0,CUST-1074,B2B,mixed quantity type
2026-04-01,D-00224,Mouse,MOU-1,North,Carla,23.0,25.0,575.0,CUST-1272,Store,mixed quantity type
2026-04-27,D-00225,Mouse,MOU-1,West,Bob,38.0,25.0,950.0,CUST-1297,Store,mixed quantity type
2026-03-13,D-00226,Headset,HDS-1,North,Bob,12.0,95.0,1140.0,CUST-1195,Online,mixed quantity type
2026-02-25,D-00227,Headset,HDS-1,East,Alice,11.0,95.0,1045.0,CUST-1244,Online,mixed quantity type
2026-02-06,D-00228,Keyboard,KEY-1,East,Bob,12.0,45.0,540.0,CUST-1040,Store,mixed quantity type
2026-04-20,D-00229,Usb Cable,USB-1,East,Bob,24.0,12.0,288.0,CUST-1041,Online,mixed quantity type
2026-02-25,D-00230,Keyboard,KEY-1,North,Carla,16.0,45.0,720.0,CUST-1001,Online,mixed quantity type
2026-04-03,D-00231,Keyboard,KEY-1,South,Carla,1.0,45.0,45.0,CUST-1295,Store,mixed quantity type
2026-04-20,D-00232,Monitor,MON-1,West,Carla,13.0,180.0,2340.0,CUST-1064,Online,mixed quantity type
2026-03-03,D-00233,Usb Cable,USB-1,West,Carla,1.0,12.0,12.0,CUST-1282,B2B,mixed quantity type
2026-05-06,D-00234,Keyboard,KEY-1,South,David,18.0,45.0,810.0,CUST-1051,Store,mixed quantity type
2026-02-25,D-00235,Headset,HDS-1,North,Carla,3.0,95.0,285.0,CUST-1106,Online,mixed quantity type
2026-04-30,D-00236,Keyboard,KEY-1,North,Carla,8.0,45.0,360.0,CUST-1254,B2B,mixed quantity type
2026-03-16,D-00237,Laptop,LAP-1,East,David,15.0,645.0,12750.0,CUST-1005,B2B,mixed quantity type
2026-05-05,D-00238,Laptop,LAP-1,North,Bob,17.0,180.0,14450.0,CUST-1121,B2B,mixed price type
2026-02-18,D-00239,Monitor,MON-1,North,Bob,32.0,180.0,5760.0,CUST-1088,Store,mixed quantity type
2026-04-23,D-00240,Usb Cable,USB-1,East,Bob,8.0,12.0,96.0,CUST-1180,B2B,mixed quantity type
2026-04-28,D-00241,Monitor,MON-1,North,Carla,21.0,180.0,3780.0,CUST-1162,Store,mixed quantity type
2026-03-27,D-00242,Mouse,MOU-1,West,Bob,32.0,25.0,800.0,CUST-1122,Online,mixed quantity type
2026-02-03,D-00243,Usb Cable,USB-1,East,David,33.0,12.0,396.0,CUST-1297,B2B,mixed quantity type
2026-04-28,D-00244,Laptop,LAP-1,East,Alice,2.0,645.0,1700.0,CUST-1124,Online,mixed quantity type
2026-03-26,D-00245,Keyboard,KEY-1,North,Bob,36.0,45.0,1620.0,CUST-1034,Store,mixed quantity type
2026-02-20,D-00246,Keyboard,KEY-1,North,Carla,96.0,45.0,15345.0,CUST-1216,Online,extreme outlier
2026-03-27,D-00247,Headset,HDS-1,South,Bob,36.0,95.0,3420.0,CUST-1032,B2B,mixed quantity type
2026-04-14,D-00248,Usb Cable,USB-1,West,Bob,37.0,12.0,444.0,CUST-1010,B2B,mixed quantity type
2026-02-25,D-00249,Headset,HDS-1,South,Carla,20.0,95.0,1900.0,CUST-1066,Online,mixed quantity type
2026-02-06,D-00250,Monitor,MON-1,East,Alice,24.0,180.0,4320.0,CUST-1033,Online,mixed price type
2026-04-22,D-00251,Keyboard,KEY-1,West,Carla,8.0,45.0,360.0,CUST-1292,B2B,mixed quantity type
2026-02-18,D-00252,Laptop,LAP-1,North,Bob,31.0,645.0,15345.0,CUST-1182,Online,mixed quantity type
2026-05-08,D-00253,Headset,HDS-1,East,Alice,30.0,95.0,2850.0,CUST-1267,Store,mixed quantity type
2026-05-09,D-00254,Usb Cable,USB-1,East,Carla,38.0,12.0,456.0,CUST-1216,Online,mixed quantity type
2026-05-06,D-00255,Monitor,MON-1,West,Alice,24.0,180.0,4320.0,CUST-1065,Store,mixed quantity type
2026-04-19,D-00256,Usb Cable,USB-1,West,Bob,6.0,12.0,72.0,CUST-1021,B2B,mixed quantity type
2026-04-06,D-00257,Monitor,MON-1,South,Carla,15.0,180.0,2700.0,CUST-1261,Online,mixed price type
2026-04-24,D-00258,Headset,HDS-1,East,Alice,30.0,95.0,2850.0,CUST-1255,Store,mixed quantity type
2026-04-26,D-00259,Monitor,MON-1,East,Alice,20.0,180.0,3600.0,CUST-1178,Online,mixed quantity type
2026-03-13,D-00260,Usb Cable,USB-1,East,David,22.0,12.0,264.0,CUST-1122,Online,mixed quantity type
2026-03-23,D-00261,Headset,HDS-1,East,Bob,7.0,95.0,855.0,CUST-1298,Store,mixed quantity type
2026-03-30,D-00262,Laptop,LAP-1,East,David,37.0,645.0,15345.0,CUST-1215,Online,mixed quantity type
2026-02-02,D-00263,Mouse,MOU-1,South,Bob,4.0,25.0,100.0,CUST-1234,Store,mixed quantity type
2026-04-26,D-00264,Keyboard,KEY-1,West,David,12.0,180.0,540.0,CUST-1112,Online,mixed price type
2026-03-13,D-00265,Keyboard,KEY-1,East,Carla,19.0,45.0,855.0,CUST-1233,Online,mixed quantity type
2026-05-01,D-00266,Usb Cable,USB-1,North,Bob,34.0,12.0,408.0,CUST-1054,Online,mixed quantity type
2026-05-06,D-00267,Laptop,LAP-1,South,Alice,30.0,645.0,15345.0,CUST-1158,Online,mixed quantity type
2026-05-09,D-00268,Laptop,LAP-1,East,David,8.0,645.0,6800.0,CUST-1251,Store,mixed quantity type
2026-04-30,D-00269,Laptop,LAP-1,South,Carla,18.0,645.0,1102.5,CUST-1209,Online,missing revenue
2026-02-11,D-00270,Usb Cable,USB-1,North,Carla,27.0,12.0,324.0,CUST-1153,Online,mixed quantity type
2026-02-08,D-00271,Headset,HDS-1,East,Alice,17.0,95.0,1615.0,CUST-1060,Store,mixed quantity type
2026-04-01,D-00272,Monitor,MON-1,North,Carla,1.0,180.0,180.0,CUST-1150,Store,mixed quantity type
2026-05-08,D-00273,Laptop,LAP-1,East,Carla,30.0,645.0,15345.0,CUST-1131,Store,mixed quantity type
2026-04-28,D-00274,Laptop,LAP-1,South,Alice,14.0,645.0,11900.0,CUST-1237,Online,mixed quantity type
2026-04-21,D-00275,Usb Cable,USB-1,West,Bob,33.0,12.0,396.0,CUST-1145,Online,mixed quantity type
2026-02-03,D-00276,Keyboard,KEY-1,North,Alice,34.0,45.0,1530.0,CUST-1261,Online,mixed quantity type
2026-05-10,D-00277,Keyboard,KEY-1,South,Carla,16.0,45.0,720.0,CUST-1190,Online,mixed quantity type
2026-04-07,D-00278,Laptop,LAP-1,East,Alice,11.0,645.0,9350.0,CUST-1011,Store,mixed quantity type
2026-03-07,D-00279,Mouse,MOU-1,East,Carla,30.0,25.0,750.0,CUST-1151,Online,mixed quantity type
2026-04-30,D-00280,Keyboard,KEY-1,West,Bob,14.0,45.0,630.0,CUST-1105,Online,mixed quantity type
2026-02-10,D-00281,Keyboard,KEY-1,North,Bob,7.0,45.0,765.0,CUST-1014,Online,missing quantity
2026-02-02,D-00282,Monitor,MON-1,North,Alice,7.0,180.0,1260.0,CUST-1184,Store,mixed quantity type
2026-02-23,D-00283,Laptop,LAP-1,East,Bob,20.0,645.0,15345.0,CUST-1187,Store,mixed quantity type
2026-04-13,D-00284,Keyboard,KEY-1,East,Alice,9.0,45.0,405.0,CUST-1160,Online,mixed quantity type
2026-05-09,D-00285,Usb Cable,USB-1,East,Alice,37.0,12.0,444.0,CUST-1273,B2B,mixed quantity type
2026-03-15,D-00286,Keyboard,KEY-1,East,Bob,14.0,45.0,630.0,CUST-1205,Store,mixed quantity type
2026-02-17,D-00287,Headset,HDS-1,West,Carla,40.0,95.0,3800.0,CUST-1016,Store,mixed quantity type
2026-02-25,D-00288,Mouse,MOU-1,South,Alice,13.0,25.0,325.0,CUST-1105,Online,mixed quantity type
2026-05-06,D-00289,Headset,HDS-1,South,Alice,22.0,95.0,2090.0,CUST-1253,B2B,mixed quantity type
2026-02-06,D-00290,Monitor,MON-1,East,Bob,33.0,180.0,1102.5,CUST-1184,B2B,missing revenue
2026-03-10,D-00291,Mouse,MOU-1,East,Carla,23.0,25.0,575.0,CUST-1129,B2B,mixed quantity type
2026-05-11,D-00292,Keyboard,KEY-1,South,Carla,37.0,45.0,1665.0,CUST-1144,Online,mixed quantity type
2026-02-07,D-00293,Monitor,MON-1,North,Carla,1.0,180.0,180.0,CUST-1152,Store,mixed quantity type
2026-03-28,D-00294,Mouse,MOU-1,East,Bob,30.0,25.0,750.0,CUST-1287,B2B,mixed quantity type
2026-04-25,D-00295,Keyboard,KEY-1,South,Alice,7.0,45.0,1125.0,CUST-1239,Store,mixed quantity type
2026-03-19,D-00296,Keyboard,KEY-1,East,Carla,23.0,45.0,1035.0,CUST-1030,Store,mixed quantity type
2026-04-20,D-00297,Mouse,MOU-1,East,Bob,10.0,25.0,250.0,CUST-1203,Store,mixed quantity type
2026-03-19,D-00298,Headset,HDS-1,East,Alice,7.0,95.0,665.0,CUST-1111,Store,mixed quantity type
2026-03-20,D-00299,Laptop,LAP-1,South,Bob,15.0,645.0,12750.0,CUST-1260,Store,mixed quantity type
2026-03-06,D-00300,Keyboard,KEY-1,South,Carla,10.0,45.0,450.0,CUST-1046,Online,mixed quantity type
2026-04-17,D-00301,Keyboard,KEY-1,South,David,37.0,45.0,1665.0,CUST-1181,Online,mixed quantity type
2026-05-05,D-00302,Usb Cable,USB-1,East,Carla,8.0,12.0,96.0,CUST-1073,Online,mixed quantity type
2026-05-05,D-00303,Laptop,LAP-1,South,Alice,34.0,645.0,15345.0,CUST-1082,Store,mixed quantity type
2026-04-18,D-00304,Mouse,MOU-1,North,Carla,26.0,25.0,650.0,CUST-1209,B2B,mixed quantity type
2026-05-02,D-00305,Laptop,LAP-1,South,David,18.0,645.0,15300.0,CUST-1050,Online,mixed quantity type
2026-02-21,D-00306,Usb Cable,USB-1,North,David,25.0,12.0,300.0,CUST-1003,Store,mixed quantity type
2026-05-02,D-00307,Mouse,MOU-1,West,Carla,35.0,25.0,875.0,CUST-1173,Store,mixed quantity type
2026-03-18,D-00308,Mouse,MOU-1,East,Carla,34.0,25.0,850.0,CUST-1246,B2B,mixed quantity type
2026-02-24,D-00309,Mouse,MOU-1,East,Bob,40.0,25.0,1000.0,CUST-1233,Store,mixed quantity type
2026-05-05,D-00310,Mouse,MOU-1,West,Bob,29.0,25.0,725.0,CUST-1040,B2B,mixed quantity type
2026-02-16,D-00311,Laptop,LAP-1,North,Carla,96.0,645.0,15345.0,CUST-1099,Online,extreme outlier
2026-04-22,D-00312,Keyboard,KEY-1,East,David,34.0,45.0,1530.0,CUST-1110,Online,mixed quantity type
2026-02-09,D-00313,Keyboard,KEY-1,North,Alice,23.0,45.0,1035.0,CUST-1286,Store,mixed quantity type
2026-04-13,D-00314,Mouse,MOU-1,West,David,5.0,25.0,125.0,CUST-1026,Online,mixed quantity type
2026-04-21,D-00315,Mouse,MOU-1,North,Bob,15.0,25.0,375.0,CUST-1243,Store,mixed quantity type
2026-03-08,D-00316,Laptop,LAP-1,North,Carla,20.0,645.0,15345.0,CUST-1191,Store,mixed quantity type
2026-04-23,D-00317,Headset,HDS-1,North,Alice,2.0,95.0,190.0,CUST-1241,Store,mixed quantity type
2026-02-23,D-00318,Laptop,LAP-1,East,Alice,36.0,645.0,15345.0,CUST-1267,Store,mixed quantity type
2026-05-08,D-00319,Keyboard,KEY-1,South,Carla,23.0,45.0,1035.0,CUST-1019,Store,mixed quantity type
2026-03-03,D-00320,Mouse,MOU-1,West,Carla,5.0,25.0,125.0,CUST-1179,Online,mixed quantity type
2026-03-31,D-00321,Keyboard,KEY-1,North,Alice,29.0,45.0,1305.0,CUST-1222,Online,mixed quantity type
2026-04-19,D-00322,Keyboard,KEY-1,North,Bob,96.0,45.0,15345.0,CUST-1012,Online,extreme outlier
2026-03-29,D-00323,Usb Cable,USB-1,East,Carla,35.0,12.0,420.0,CUST-1166,B2B,mixed quantity type
2026-04-29,D-00324,Usb Cable,USB-1,North,Carla,96.0,12.0,11352.0,CUST-1171,Online,extreme outlier
2026-03-10,D-00325,Usb Cable,USB-1,South,Carla,29.0,12.0,348.0,CUST-1065,Online,mixed quantity type
2026-02-23,D-00326,Usb Cable,USB-1,South,Bob,28.0,12.0,336.0,CUST-1020,B2B,mixed quantity type
2026-03-01,D-00327,Headset,HDS-1,West,Carla,36.0,95.0,3420.0,CUST-1205,Store,mixed quantity type
2026-02-14,D-00328,Monitor,MON-1,South,Carla,25.0,180.0,4500.0,CUST-1054,Online,mixed quantity type
2026-05-03,D-00329,Monitor,MON-1,West,Carla,29.0,180.0,5220.0,CUST-1288,Store,mixed quantity type
2026-05-06,D-00330,Headset,HDS-1,East,Alice,24.0,95.0,2280.0,CUST-1027,Online,mixed quantity type
2026-04-24,D-00331,Monitor,MON-1,North,Carla,30.0,180.0,5400.0,CUST-1120,Online,mixed quantity type
2026-04-16,D-00332,Monitor,MON-1,North,Alice,35.0,180.0,6300.0,CUST-1081,B2B,mixed quantity type
2026-04-15,D-00333,Mouse,MOU-1,West,Bob,8.0,25.0,200.0,CUST-1132,Store,mixed quantity type
2026-03-29,D-00334,Usb Cable,USB-1,West,Bob,96.0,12.0,7680.0,CUST-1199,B2B,extreme outlier
2026-02-09,D-00335,Usb Cable,USB-1,East,Bob,29.0,12.0,348.0,CUST-1025,Store,mixed quantity type
2026-04-27,D-00336,Headset,HDS-1,East,Alice,11.0,95.0,1045.0,CUST-1072,B2B,mixed quantity type
2026-03-22,D-00337,Monitor,MON-1,North,David,12.0,180.0,2160.0,CUST-1234,Online,mixed quantity type
2026-04-06,D-00338,Usb Cable,USB-1,West,Carla,23.0,12.0,276.0,CUST-1092,B2B,mixed quantity type
2026-05-11,D-00339,Monitor,MON-1,East,Bob,7.0,180.0,4500.0,CUST-1208,Online,mixed quantity type
2026-04-19,D-00340,Laptop,LAP-1,South,Carla,7.0,645.0,11900.0,CUST-1173,Online,mixed quantity type
2026-02-25,D-00341,Mouse,MOU-1,South,Carla,38.0,25.0,950.0,CUST-1225,Online,mixed quantity type
2026-05-06,D-00342,Monitor,MON-1,North,Carla,96.0,180.0,15345.0,CUST-1122,Store,extreme outlier
2026-02-25,D-00343,Laptop,LAP-1,West,Carla,4.0,645.0,3400.0,CUST-1158,B2B,mixed quantity type
2026-02-26,D-00344,Monitor,MON-1,East,Bob,36.0,180.0,6480.0,CUST-1257,Online,mixed quantity type
2026-03-31,D-00345,Monitor,MON-1,West,Carla,12.0,180.0,2160.0,CUST-1154,Online,mixed quantity type
2026-05-06,D-00346,Keyboard,KEY-1,North,Bob,17.0,45.0,765.0,CUST-1148,Store,mixed quantity type
2026-05-04,D-00347,Monitor,MON-1,South,Alice,20.0,180.0,3600.0,CUST-1128,Online,mixed price type
2026-05-04,D-00348,Headset,HDS-1,West,Carla,39.0,95.0,3705.0,CUST-1292,Store,mixed quantity type
2026-02-11,D-00349,Headset,HDS-1,West,Bob,11.0,95.0,1045.0,CUST-1062,B2B,mixed quantity type
2026-04-14,D-00350,Laptop,LAP-1,North,Alice,1.0,645.0,850.0,CUST-1148,Online,mixed quantity type
2026-03-07,D-00351,Usb Cable,USB-1,East,Carla,17.0,12.0,204.0,CUST-1036,B2B,mixed quantity type
2026-04-27,D-00352,Keyboard,KEY-1,East,Alice,8.0,45.0,360.0,CUST-1151,B2B,mixed quantity type
2026-03-26,D-00353,Usb Cable,USB-1,East,Carla,38.0,12.0,456.0,CUST-1189,Online,mixed quantity type
2026-04-25,D-00354,Monitor,MON-1,East,Carla,32.0,180.0,5760.0,CUST-1190,Online,mixed quantity type
2026-02-25,D-00355,Monitor,MON-1,North,David,25.0,180.0,4500.0,CUST-1064,Online,mixed quantity type
2026-04-06,D-00356,Headset,HDS-1,South,David,22.0,95.0,2090.0,CUST-1094,Online,mixed quantity type
2026-04-04,D-00357,Keyboard,KEY-1,East,Bob,4.0,45.0,180.0,CUST-1285,Store,mixed quantity type
2026-04-04,D-00358,Mouse,MOU-1,North,Carla,30.0,25.0,750.0,CUST-1039,Online,mixed quantity type
2026-05-01,D-00359,Usb Cable,USB-1,West,Carla,24.0,12.0,288.0,CUST-1118,Online,mixed quantity type
2026-04-09,D-00360,Monitor,MON-1,East,Carla,7.0,180.0,3240.0,CUST-1103,Store,mixed quantity type
2026-02-05,D-00361,Mouse,MOU-1,South,Alice,11.0,25.0,275.0,CUST-1278,Online,mixed quantity type
2026-02-25,D-00362,Usb Cable,USB-1,North,Carla,96.0,12.0,8160.0,CUST-1010,Online,extreme outlier
2026-03-18,D-00363,Keyboard,KEY-1,South,Bob,33.0,45.0,1485.0,CUST-1148,B2B,mixed quantity type
2026-02-20,D-00364,Usb Cable,USB-1,West,Carla,7.0,12.0,312.0,CUST-1129,B2B,missing quantity
2026-03-31,D-00365,Headset,HDS-1,West,Bob,34.0,95.0,3230.0,CUST-1256,Online,mixed quantity type
2026-05-03,D-00366,Laptop,LAP-1,West,Carla,16.0,645.0,13600.0,CUST-1126,Online,mixed quantity type
2026-02-27,D-00367,Usb Cable,USB-1,West,Carla,37.0,12.0,444.0,CUST-1034,Online,mixed quantity type
2026-04-25,D-00368,Usb Cable,USB-1,West,Alice,10.0,12.0,120.0,CUST-1298,Online,mixed quantity type
2026-05-11,D-00369,Headset,HDS-1,South,Carla,28.0,95.0,2660.0,CUST-1215,Online,mixed quantity type
2026-02-22,D-00370,Usb Cable,USB-1,South,Bob,13.0,12.0,156.0,CUST-1220,Store,mixed quantity type
2026-03-19,D-00371,Laptop,LAP-1,West,Alice,32.0,645.0,15345.0,CUST-1046,Online,mixed quantity type
2026-02-17,D-00372,Headset,HDS-1,East,David,32.0,95.0,3040.0,CUST-1065,Online,mixed quantity type
2026-02-25,D-00373,Usb Cable,USB-1,East,David,30.0,12.0,360.0,CUST-1038,Store,mixed quantity type
2026-02-06,D-00374,Headset,HDS-1,South,Carla,18.0,95.0,1710.0,CUST-1213,Online,mixed quantity type
2026-02-25,D-00375,Mouse,MOU-1,West,Bob,3.0,25.0,1102.5,CUST-1108,Online,missing revenue
2026-03-18,D-00376,Laptop,LAP-1,North,David,34.0,645.0,15345.0,CUST-1123,Online,mixed quantity type
2026-04-10,D-00377,Laptop,LAP-1,West,Carla,7.0,645.0,15300.0,CUST-1033,Online,mixed quantity type
2026-03-08,D-00378,Mouse,MOU-1,East,David,4.0,25.0,100.0,CUST-1025,Online,mixed quantity type
2026-03-08,D-00379,Keyboard,KEY-1,South,Bob,1.0,45.0,45.0,CUST-1263,Online,mixed quantity type
2026-04-16,D-00380,Headset,HDS-1,South,Alice,37.0,95.0,3515.0,CUST-1154,Store,mixed quantity type
2026-02-12,D-00381,Laptop,LAP-1,South,David,7.0,645.0,15345.0,CUST-1123,Store,mixed quantity type
2026-05-08,D-00382,Monitor,MON-1,South,Carla,31.0,180.0,5580.0,CUST-1225,Online,mixed quantity type
2026-02-09,D-00383,Monitor,MON-1,South,Carla,9.0,180.0,1620.0,CUST-1285,Online,mixed quantity type
2026-03-09,D-00384,Monitor,MON-1,South,Bob,7.0,180.0,1260.0,CUST-1297,Store,mixed quantity type
2026-05-10,D-00385,Usb Cable,USB-1,North,Alice,9.0,12.0,108.0,CUST-1177,Online,mixed quantity type
2026-04-24,D-00386,Laptop,LAP-1,South,Alice,14.0,645.0,11900.0,CUST-1223,Store,mixed quantity type
2026-04-02,D-00387,Usb Cable,USB-1,North,Carla,35.0,12.0,420.0,CUST-1228,Online,mixed quantity type
2026-02-25,D-00388,Mouse,MOU-1,North,Bob,37.0,180.0,925.0,CUST-1230,Online,mixed price type
2026-04-30,D-00389,Usb Cable,USB-1,West,David,8.0,12.0,96.0,CUST-1161,Online,mixed quantity type
2026-04-27,D-00390,Laptop,LAP-1,East,Bob,19.0,645.0,15345.0,CUST-1090,Online,mixed quantity type
2026-05-02,D-00391,Monitor,MON-1,South,Bob,21.0,180.0,3780.0,CUST-1201,B2B,mixed quantity type
2026-02-28,D-00392,Monitor,MON-1,East,Carla,18.0,180.0,3240.0,CUST-1047,B2B,mixed quantity type
2026-02-19,D-00393,Mouse,MOU-1,East,Carla,1.0,25.0,25.0,CUST-1256,Store,mixed quantity type
2026-03-13,D-00394,Mouse,MOU-1,East,David,30.0,25.0,750.0,CUST-1246,Online,mixed quantity type
2026-02-08,D-00395,Usb Cable,USB-1,North,Alice,14.0,12.0,168.0,CUST-1022,Online,mixed quantity type
2026-04-27,D-00396,Monitor,MON-1,East,Carla,14.0,180.0,2520.0,CUST-1228,B2B,mixed quantity type
2026-03-09,D-00397,Monitor,MON-1,West,Carla,24.0,180.0,4320.0,CUST-1236,Online,mixed quantity type
2026-02-04,D-00398,Mouse,MOU-1,North,Carla,19.0,25.0,475.0,CUST-1193,B2B,mixed quantity type
2026-04-25,D-00399,Headset,HDS-1,East,Alice,27.0,95.0,2565.0,CUST-1171,B2B,mixed quantity type
2026-05-07,D-00400,Monitor,MON-1,South,Alice,13.0,180.0,2340.0,CUST-1263,B2B,mixed quantity type
2026-02-14,D-00401,Headset,HDS-1,West,David,32.0,95.0,3040.0,CUST-1296,Online,mixed quantity type
2026-03-14,D-00402,Monitor,MON-1,South,Bob,1.0,180.0,180.0,CUST-1093,Store,mixed price type
2026-03-23,D-00403,Headset,HDS-1,West,Bob,18.0,95.0,1710.0,CUST-1094,Store,mixed quantity type
2026-03-14,D-00404,Laptop,LAP-1,South,Bob,17.0,645.0,14450.0,CUST-1232,Online,mixed quantity type
2026-02-17,D-00405,Mouse,MOU-1,North,Carla,32.0,25.0,800.0,CUST-1157,Store,mixed quantity type
2026-02-08,D-00406,Mouse,MOU-1,East,Carla,40.0,25.0,1000.0,CUST-1079,Store,mixed quantity type
2026-04-17,D-00407,Usb Cable,USB-1,West,Bob,10.0,12.0,120.0,CUST-1159,Online,mixed quantity type
2026-02-25,D-00408,Usb Cable,USB-1,West,Carla,10.0,12.0,120.0,CUST-1290,Online,mixed quantity type
2026-02-18,D-00409,Usb Cable,USB-1,East,David,7.0,12.0,204.0,CUST-1101,Store,mixed quantity type
2026-02-07,D-00410,Usb Cable,USB-1,South,Carla,30.0,12.0,360.0,CUST-1206,Online,mixed quantity type
2026-04-29,D-00411,Usb Cable,USB-1,East,Carla,2.0,180.0,24.0,CUST-1200,Online,mixed price type
2026-04-19,D-00412,Keyboard,KEY-1,West,Carla,36.0,45.0,1620.0,CUST-1107,Store,mixed quantity type
2026-03-25,D-00413,Usb Cable,USB-1,North,David,11.0,12.0,132.0,CUST-1171,Store,mixed quantity type
2026-02-24,D-00414,Keyboard,KEY-1,East,Bob,28.0,45.0,1260.0,CUST-1107,Store,mixed quantity type
2026-03-14,D-00415,Monitor,MON-1,East,Bob,11.0,180.0,1980.0,CUST-1242,Online,mixed quantity type
2026-05-05,D-00416,Headset,HDS-1,South,Carla,18.0,95.0,1710.0,CUST-1128,Online,mixed quantity type
2026-03-26,D-00417,Monitor,MON-1,West,Carla,7.0,180.0,1260.0,CUST-1044,Store,mixed price type
2026-02-07,D-00418,Monitor,MON-1,East,Carla,33.0,180.0,5940.0,CUST-1086,B2B,mixed quantity type
2026-03-05,D-00419,Usb Cable,USB-1,East,David,17.0,12.0,204.0,CUST-1042,Store,mixed quantity type
2026-03-27,D-00420,Usb Cable,USB-1,South,Alice,21.0,12.0,252.0,CUST-1287,Store,mixed quantity type
2026-03-02,D-00421,Headset,HDS-1,North,Carla,16.0,95.0,1520.0,CUST-1296,Online,mixed quantity type
2026-02-25,D-00422,Keyboard,KEY-1,East,Bob,31.0,45.0,1395.0,CUST-1252,Online,mixed quantity type
2026-04-19,D-00423,Mouse,MOU-1,North,Bob,96.0,25.0,15345.0,CUST-1014,Online,extreme outlier
2026-03-22,D-00424,Mouse,MOU-1,West,Bob,7.0,25.0,175.0,CUST-1123,Store,mixed quantity type
2026-02-13,D-00425,Keyboard,KEY-1,East,Bob,10.0,45.0,450.0,CUST-1034,B2B,mixed quantity type
2026-05-10,D-00426,Laptop,LAP-1,North,Bob,38.0,645.0,15345.0,CUST-1062,Store,mixed quantity type
2026-04-18,D-00427,Monitor,MON-1,South,Alice,31.0,180.0,5580.0,CUST-1125,Online,mixed quantity type
2026-04-26,D-00428,Monitor,MON-1,West,Alice,32.0,180.0,5760.0,CUST-1003,Online,mixed quantity type
2026-02-01,D-00429,Headset,HDS-1,North,Carla,7.0,95.0,665.0,CUST-1192,B2B,mixed quantity type
2026-02-28,D-00430,Mouse,MOU-1,South,Carla,19.0,25.0,475.0,CUST-1058,B2B,mixed quantity type
2026-02-10,D-00431,Keyboard,KEY-1,North,Carla,19.0,45.0,855.0,CUST-1029,Online,mixed quantity type
2026-04-30,D-00432,Usb Cable,USB-1,North,Carla,7.0,12.0,348.0,CUST-1027,Online,mixed quantity type
2026-04-21,D-00433,Mouse,MOU-1,West,Alice,7.0,25.0,850.0,CUST-1091,Store,mixed quantity type
2026-02-22,D-00434,Laptop,LAP-1,West,Bob,96.0,645.0,15345.0,CUST-1091,B2B,extreme outlier
2026-05-01,D-00435,Laptop,LAP-1,North,Carla,35.0,645.0,15345.0,CUST-1196,Store,mixed quantity type
2026-03-19,D-00436,Mouse,MOU-1,East,Carla,3.0,25.0,75.0,CUST-1288,B2B,mixed quantity type
2026-05-04,D-00437,Keyboard,KEY-1,East,Carla,11.0,45.0,495.0,CUST-1013,Online,mixed quantity type
2026-05-07,D-00438,Laptop,LAP-1,East,Carla,26.0,645.0,15345.0,CUST-1069,Store,mixed quantity type
2026-02-01,D-00439,Mouse,MOU-1,South,Bob,7.0,25.0,525.0,CUST-1221,Online,missing quantity
2026-03-02,D-00440,Laptop,LAP-1,East,David,11.0,645.0,9350.0,CUST-1106,Online,mixed quantity type
2026-02-03,D-00441,Keyboard,KEY-1,South,Alice,1.0,45.0,45.0,CUST-1031,Online,mixed quantity type
2026-03-16,D-00442,Laptop,LAP-1,East,David,29.0,645.0,15345.0,CUST-1083,Store,mixed quantity type
2026-03-10,D-00443,Monitor,MON-1,South,Carla,32.0,180.0,5760.0,CUST-1231,Store,mixed quantity type
2026-04-04,D-00444,Laptop,LAP-1,West,Carla,1.0,645.0,850.0,CUST-1201,B2B,mixed quantity type
2026-04-26,D-00445,Keyboard,KEY-1,West,Alice,3.0,45.0,135.0,CUST-1043,Online,mixed quantity type
2026-02-21,D-00446,Monitor,MON-1,West,Bob,11.0,180.0,1980.0,CUST-1280,Store,mixed quantity type
2026-04-14,D-00447,Laptop,LAP-1,North,David,8.0,645.0,6800.0,CUST-1055,Online,mixed quantity type
2026-05-08,D-00448,Mouse,MOU-1,South,Carla,5.0,25.0,125.0,CUST-1273,Online,mixed quantity type
2026-02-10,D-00449,Usb Cable,USB-1,South,Alice,39.0,12.0,468.0,CUST-1033,Online,mixed price type
2026-04-02,D-00450,Headset,HDS-1,North,Carla,18.0,95.0,1710.0,CUST-1025,Online,mixed quantity type
2026-03-23,D-00451,Keyboard,KEY-1,East,Carla,35.0,45.0,1575.0,CUST-1099,Online,mixed quantity type
2026-04-26,D-00452,Laptop,LAP-1,North,Carla,11.0,645.0,9350.0,CUST-1012,B2B,mixed quantity type
2026-04-23,D-00453,Keyboard,KEY-1,West,Alice,35.0,45.0,1575.0,CUST-1295,Online,mixed quantity type
2026-02-16,D-00454,Laptop,LAP-1,East,Carla,18.0,645.0,15300.0,CUST-1237,Online,mixed quantity type
2026-03-26,D-00455,Laptop,LAP-1,West,Alice,38.0,645.0,15345.0,CUST-1049,Online,mixed quantity type
2026-02-05,D-00456,Usb Cable,USB-1,North,Carla,10.0,12.0,120.0,CUST-1238,Online,mixed quantity type
2026-02-17,D-00457,Mouse,MOU-1,South,Carla,14.0,25.0,350.0,CUST-1231,Store,mixed quantity type
2026-02-25,D-00458,Monitor,MON-1,North,Alice,30.0,180.0,5400.0,CUST-1180,Online,mixed quantity type
2026-04-17,D-00459,Headset,HDS-1,East,Bob,12.0,95.0,1140.0,CUST-1184,Online,mixed quantity type
2026-04-06,D-00460,Monitor,MON-1,South,Bob,12.0,180.0,2160.0,CUST-1173,Online,mixed quantity type
2026-04-02,D-00461,Headset,HDS-1,West,Bob,2.0,95.0,190.0,CUST-1294,Store,mixed quantity type
2026-03-24,D-00462,Headset,HDS-1,East,Carla,28.0,95.0,2660.0,CUST-1146,Store,mixed quantity type
2026-03-09,D-00463,Keyboard,KEY-1,South,Carla,9.0,45.0,405.0,CUST-1177,Store,mixed quantity type
2026-05-02,D-00464,Mouse,MOU-1,East,Carla,39.0,25.0,1102.5,CUST-1085,Store,missing revenue
2026-04-02,D-00465,Mouse,MOU-1,South,Alice,22.0,25.0,550.0,CUST-1199,Online,mixed quantity type
2026-02-21,D-00466,Laptop,LAP-1,North,Alice,7.0,645.0,5950.0,CUST-1134,Online,mixed quantity type
2026-02-18,D-00467,Laptop,LAP-1,South,Bob,24.0,645.0,15345.0,CUST-1212,Store,mixed quantity type
2026-03-24,D-00468,Mouse,MOU-1,South,Carla,34.0,25.0,850.0,CUST-1016,B2B,mixed quantity type
2026-03-08,D-00469,Keyboard,KEY-1,West,Carla,24.0,45.0,1080.0,CUST-1104,B2B,mixed quantity type
2026-03-10,D-00470,Mouse,MOU-1,West,Carla,6.0,25.0,1102.5,CUST-1150,Store,missing revenue
2026-03-15,D-00471,Monitor,MON-1,East,Carla,19.0,180.0,3420.0,CUST-1091,Online,mixed quantity type
2026-05-10,D-00472,Keyboard,KEY-1,North,Alice,25.0,45.0,1125.0,CUST-1062,Online,mixed quantity type
2026-03-07,D-00473,Monitor,MON-1,North,Carla,40.0,180.0,7200.0,CUST-1088,B2B,mixed quantity type
2026-03-29,D-00474,Headset,HDS-1,East,Carla,14.0,95.0,1330.0,CUST-1191,Online,mixed quantity type
2026-04-14,D-00475,Laptop,LAP-1,North,Carla,96.0,645.0,15345.0,CUST-1188,Online,extreme outlier
2026-02-10,D-00476,Usb Cable,USB-1,West,Bob,15.0,12.0,180.0,CUST-1024,B2B,mixed quantity type
2026-04-01,D-00477,Usb Cable,USB-1,North,Alice,11.0,12.0,132.0,CUST-1071,B2B,mixed quantity type
2026-03-24,D-00478,Keyboard,KEY-1,East,Bob,16.0,45.0,720.0,CUST-1157,Store,mixed quantity type
2026-05-07,D-00479,Laptop,LAP-1,East,Carla,5.0,645.0,4250.0,CUST-1058,Online,mixed quantity type
2026-02-04,D-00480,Monitor,MON-1,South,Alice,39.0,180.0,7020.0,CUST-1075,Online,mixed quantity type
2026-04-08,D-00481,Monitor,MON-1,North,Carla,39.0,180.0,7020.0,CUST-1039,B2B,mixed quantity type
2026-03-29,D-00482,Laptop,LAP-1,South,Alice,23.0,645.0,15345.0,CUST-1071,Online,mixed quantity type
2026-02-25,D-00483,Laptop,LAP-1,East,Bob,27.0,180.0,15345.0,CUST-1285,Store,mixed price type
2026-04-11,D-00484,Monitor,MON-1,North,Alice,33.0,180.0,5940.0,CUST-1283,Online,mixed quantity type
2026-02-11,D-00485,Keyboard,KEY-1,East,Carla,40.0,45.0,1800.0,CUST-1194,Store,mixed quantity type
2026-04-19,D-00486,Headset,HDS-1,North,Alice,29.0,95.0,2755.0,CUST-1146,Online,mixed quantity type
2026-03-08,D-00487,Keyboard,KEY-1,East,Bob,96.0,45.0,15345.0,CUST-1126,Online,extreme outlier
2026-04-10,D-00488,Monitor,MON-1,East,David,5.0,180.0,900.0,CUST-1139,Online,mixed quantity type
2026-03-14,D-00489,Headset,HDS-1,East,Bob,31.0,95.0,2945.0,CUST-1117,Online,mixed quantity type
2026-03-16,D-00490,Keyboard,KEY-1,West,Bob,32.0,45.0,1440.0,CUST-1199,Online,mixed quantity type
2026-03-28,D-00491,Laptop,LAP-1,West,Bob,31.0,645.0,15345.0,CUST-1139,Online,mixed quantity type
2026-04-28,D-00492,Usb Cable,USB-1,South,Alice,7.0,12.0,84.0,CUST-1121,B2B,mixed quantity type
2026-03-28,D-00493,Headset,HDS-1,West,Carla,2.0,95.0,190.0,CUST-1196,Online,mixed quantity type
2026-05-03,D-00494,Laptop,LAP-1,East,Alice,40.0,645.0,15345.0,CUST-1248,B2B,mixed quantity type
2026-02-25,D-00495,Mouse,MOU-1,North,Carla,6.0,180.0,150.0,CUST-1159,Online,mixed price type
2026-03-09,D-00496,Laptop,LAP-1,South,Alice,7.0,645.0,15345.0,CUST-1256,B2B,mixed quantity type
2026-04-19,D-00497,Headset,HDS-1,East,Carla,15.0,95.0,1425.0,CUST-1125,Online,mixed quantity type
2026-05-10,D-00498,Monitor,MON-1,East,David,38.0,180.0,6840.0,CUST-1165,Online,mixed quantity type
2026-03-01,D-00499,Monitor,MON-1,West,Bob,17.0,180.0,3060.0,CUST-1169,Online,mixed quantity type
2026-02-22,D-00500,Mouse,MOU-1,East,Carla,22.0,25.0,550.0,CUST-1026,Online,mixed quantity type
2026-04-26,D-00501,Monitor,MON-1,West,Bob,21.0,180.0,3780.0,CUST-1140,Store,mixed quantity type
2026-04-29,D-00502,Monitor,MON-1,East,Carla,21.0,180.0,3780.0,CUST-1299,Store,mixed quantity type
2026-04-20,D-00503,Laptop,LAP-1,North,Carla,10.0,180.0,8500.0,CUST-1000,Online,mixed price type
2026-04-13,D-00504,Keyboard,KEY-1,South,Bob,6.0,45.0,270.0,CUST-1212,Store,mixed quantity type
2026-05-06,D-00505,Keyboard,KEY-1,South,Alice,31.0,45.0,1395.0,CUST-1103,Online,mixed quantity type
2026-04-19,D-00506,Monitor,MON-1,East,Alice,25.0,180.0,4500.0,CUST-1159,Store,mixed quantity type
2026-05-04,D-00507,Monitor,MON-1,East,Bob,7.0,180.0,1980.0,CUST-1104,B2B,mixed quantity type
2026-03-25,D-00508,Laptop,LAP-1,East,Bob,5.0,645.0,4250.0,CUST-1266,Store,mixed quantity type
2026-04-25,D-00509,Monitor,MON-1,South,Alice,23.0,180.0,4140.0,CUST-1146,Online,mixed quantity type
2026-05-03,D-00510,Usb Cable,USB-1,North,Bob,5.0,12.0,60.0,CUST-1103,Online,mixed quantity type
2026-04-28,D-00511,Mouse,MOU-1,East,Carla,4.0,25.0,100.0,CUST-1127,Online,mixed quantity type
2026-04-25,D-00512,Monitor,MON-1,South,Alice,4.0,180.0,720.0,CUST-1113,Online,mixed quantity type
2026-04-12,D-00513,Usb Cable,USB-1,West,Bob,4.0,12.0,48.0,CUST-1212,Online,mixed quantity type
2026-05-04,D-00514,Headset,HDS-1,South,Carla,27.0,95.0,2565.0,CUST-1175,Online,mixed quantity type
2026-03-21,D-00515,Keyboard,KEY-1,South,Carla,23.0,45.0,1035.0,CUST-1258,Online,mixed quantity type
2026-04-20,D-00516,Keyboard,KEY-1,North,Alice,17.0,45.0,765.0,CUST-1071,Online,mixed quantity type
2026-04-21,D-00517,Mouse,MOU-1,East,Bob,37.0,25.0,925.0,CUST-1098,Online,mixed quantity type
2026-03-04,D-00518,Mouse,MOU-1,South,David,6.0,25.0,150.0,CUST-1172,Online,mixed quantity type
2026-02-04,D-00519,Monitor,MON-1,East,Carla,2.0,180.0,360.0,CUST-1007,Online,mixed quantity type
2026-03-29,D-00520,Keyboard,KEY-1,South,Carla,7.0,45.0,315.0,CUST-1259,Online,mixed quantity type
2026-03-28,D-00521,Mouse,MOU-1,South,Bob,7.0,25.0,175.0,CUST-1130,Online,mixed quantity type
2026-02-18,D-00522,Monitor,MON-1,North,Carla,38.0,180.0,6840.0,CUST-1290,B2B,mixed quantity type
2026-04-03,D-00523,Mouse,MOU-1,East,David,23.0,25.0,575.0,CUST-1259,Store,mixed quantity type
2026-02-27,D-00524,Monitor,MON-1,East,Carla,30.0,180.0,5400.0,CUST-1271,Store,mixed quantity type
2026-04-19,D-00525,Laptop,LAP-1,South,David,38.0,645.0,15345.0,CUST-1042,Online,mixed quantity type
2026-04-28,D-00526,Headset,HDS-1,West,Carla,22.0,95.0,2090.0,CUST-1160,Online,mixed quantity type
2026-04-26,D-00527,Keyboard,KEY-1,West,Alice,20.0,45.0,900.0,CUST-1015,B2B,mixed quantity type
2026-02-10,D-00528,Keyboard,KEY-1,West,Carla,11.0,45.0,495.0,CUST-1253,Store,mixed quantity type
2026-03-19,D-00529,Keyboard,KEY-1,East,Carla,96.0,45.0,15345.0,CUST-1177,Online,extreme outlier
2026-02-16,D-00530,Headset,HDS-1,West,Bob,20.0,95.0,1900.0,CUST-1216,Online,mixed quantity type
2026-02-19,D-00531,Headset,HDS-1,West,Alice,22.0,95.0,2090.0,CUST-1029,Online,mixed quantity type
2026-03-12,D-00532,Headset,HDS-1,West,Carla,5.0,95.0,475.0,CUST-1123,B2B,mixed quantity type
2026-05-01,D-00533,Monitor,MON-1,West,Carla,3.0,180.0,540.0,CUST-1006,Online,mixed quantity type
2026-04-04,D-00534,Usb Cable,USB-1,South,David,40.0,12.0,480.0,CUST-1246,B2B,mixed quantity type
2026-02-23,D-00535,Monitor,MON-1,West,Bob,23.0,180.0,4140.0,CUST-1064,Store,mixed quantity type
2026-05-08,D-00536,Monitor,MON-1,South,Alice,32.0,180.0,5760.0,CUST-1216,Online,mixed quantity type
2026-04-08,D-00537,Usb Cable,USB-1,South,David,5.0,12.0,60.0,CUST-1212,Online,mixed quantity type
2026-03-26,D-00538,Laptop,LAP-1,North,Bob,27.0,645.0,15345.0,CUST-1215,Online,mixed quantity type
2026-03-03,D-00539,Monitor,MON-1,South,Alice,96.0,180.0,15345.0,CUST-1211,Online,extreme outlier
2026-02-10,D-00540,Mouse,MOU-1,North,Carla,14.0,25.0,350.0,CUST-1190,Online,mixed quantity type
2026-04-07,D-00541,Mouse,MOU-1,North,Bob,24.0,25.0,600.0,CUST-1219,Store,mixed quantity type
2026-03-30,D-00542,Headset,HDS-1,West,Carla,20.0,95.0,1900.0,CUST-1283,B2B,mixed quantity type
2026-04-09,D-00543,Monitor,MON-1,East,Bob,37.0,180.0,6660.0,CUST-1043,Store,mixed quantity type
2026-03-27,D-00544,Mouse,MOU-1,West,Bob,4.0,25.0,100.0,CUST-1199,Store,mixed quantity type
2026-02-24,D-00545,Mouse,MOU-1,North,Bob,23.0,25.0,575.0,CUST-1002,Online,mixed quantity type
2026-02-18,D-00546,Monitor,MON-1,North,Carla,19.0,180.0,3420.0,CUST-1199,Store,mixed quantity type
2026-02-14,D-00547,Usb Cable,USB-1,East,Alice,6.0,12.0,72.0,CUST-1268,B2B,mixed quantity type
2026-04-27,D-00548,Keyboard,KEY-1,South,Alice,96.0,45.0,15345.0,CUST-1211,Store,extreme outlier
2026-03-17,D-00549,Monitor,MON-1,South,Carla,31.0,180.0,5580.0,CUST-1148,Store,mixed quantity type
2026-05-10,D-00550,Usb Cable,USB-1,North,Alice,34.0,12.0,408.0,CUST-1111,Online,mixed quantity type
2026-02-21,D-00551,Monitor,MON-1,West,Carla,7.0,180.0,2520.0,CUST-1155,Online,mixed quantity type
2026-03-21,D-00552,Mouse,MOU-1,East,Alice,21.0,25.0,525.0,CUST-1059,Store,mixed quantity type
2026-04-07,D-00553,Headset,HDS-1,West,Carla,7.0,95.0,950.0,CUST-1298,B2B,mixed quantity type
2026-04-06,D-00554,Headset,HDS-1,South,Alice,27.0,95.0,2565.0,CUST-1052,Online,mixed quantity type
2026-04-25,D-00555,Mouse,MOU-1,North,Bob,33.0,25.0,825.0,CUST-1200,Online,mixed quantity type
2026-03-22,D-00556,Monitor,MON-1,East,Bob,15.0,180.0,2700.0,CUST-1259,Online,mixed quantity type
2026-04-25,D-00557,Mouse,MOU-1,South,David,11.0,25.0,275.0,CUST-1005,Store,mixed quantity type
2026-02-26,D-00558,Headset,HDS-1,West,Carla,32.0,95.0,3040.0,CUST-1015,Store,mixed quantity type
2026-04-04,D-00559,Keyboard,KEY-1,North,Bob,14.0,45.0,630.0,CUST-1079,Online,mixed quantity type
2026-03-05,D-00560,Headset,HDS-1,South,Carla,22.0,95.0,2090.0,CUST-1231,Online,mixed quantity type
2026-04-16,D-00561,Headset,HDS-1,East,Alice,22.0,180.0,2090.0,CUST-1233,Online,mixed price type
2026-02-17,D-00562,Headset,HDS-1,South,Alice,26.0,95.0,2470.0,CUST-1256,B2B,mixed quantity type
2026-02-21,D-00563,Headset,HDS-1,North,Alice,39.0,95.0,3705.0,CUST-1037,B2B,mixed quantity type
2026-02-16,D-00564,Keyboard,KEY-1,North,Bob,38.0,45.0,1710.0,CUST-1204,Online,mixed quantity type
2026-02-11,D-00565,Monitor,MON-1,North,Bob,23.0,180.0,4140.0,CUST-1198,Online,mixed quantity type
2026-04-14,D-00566,Headset,HDS-1,North,Bob,21.0,95.0,1995.0,CUST-1288,B2B,mixed quantity type
2026-04-13,D-00567,Keyboard,KEY-1,South,David,38.0,45.0,1710.0,CUST-1234,Online,mixed quantity type
2026-03-25,D-00568,Monitor,MON-1,East,David,5.0,180.0,900.0,CUST-1174,Online,mixed quantity type
2026-05-11,D-00569,Headset,HDS-1,South,David,3.0,95.0,285.0,CUST-1204,Online,mixed quantity type
2026-03-29,D-00570,Usb Cable,USB-1,West,David,13.0,12.0,156.0,CUST-1096,Online,mixed quantity type
2026-02-02,D-00571,Laptop,LAP-1,North,Carla,38.0,645.0,15345.0,CUST-1196,Online,mixed quantity type
2026-04-13,D-00572,Keyboard,KEY-1,North,Carla,15.0,45.0,675.0,CUST-1069,Online,mixed quantity type
2026-04-27,D-00573,Mouse,MOU-1,West,Bob,2.0,25.0,50.0,CUST-1281,Store,mixed quantity type
2026-02-13,D-00574,Laptop,LAP-1,South,Carla,7.0,645.0,9350.0,CUST-1083,Online,mixed quantity type
2026-02-26,D-00575,Headset,HDS-1,East,David,29.0,95.0,2755.0,CUST-1215,Online,mixed quantity type
2026-02-01,D-00576,Monitor,MON-1,West,David,7.0,180.0,1260.0,CUST-1251,B2B,mixed quantity type
2026-02-25,D-00577,Usb Cable,USB-1,East,Bob,27.0,12.0,324.0,CUST-1124,Online,mixed quantity type
2026-03-23,D-00578,Keyboard,KEY-1,East,Carla,7.0,45.0,1755.0,CUST-1123,Online,mixed quantity type
2026-04-26,D-00579,Laptop,LAP-1,North,Bob,23.0,645.0,15345.0,CUST-1169,Store,mixed quantity type
2026-02-13,D-00580,Mouse,MOU-1,North,David,38.0,25.0,950.0,CUST-1139,Online,mixed quantity type
2026-05-11,D-00581,Usb Cable,USB-1,South,Alice,4.0,12.0,48.0,CUST-1046,B2B,mixed quantity type
2026-03-22,D-00582,Laptop,LAP-1,North,Alice,21.0,645.0,15345.0,CUST-1036,Store,mixed quantity type
2026-04-27,D-00583,Laptop,LAP-1,South,Carla,3.0,645.0,2550.0,CUST-1225,Online,mixed quantity type
2026-03-02,D-00584,Headset,HDS-1,East,Bob,20.0,95.0,1900.0,CUST-1293,Online,mixed quantity type
2026-02-05,D-00585,Usb Cable,USB-1,South,Carla,39.0,12.0,468.0,CUST-1254,Online,mixed quantity type
2026-04-09,D-00586,Mouse,MOU-1,North,Carla,7.0,25.0,250.0,CUST-1089,B2B,missing quantity
2026-04-22,D-00587,Laptop,LAP-1,South,David,7.0,645.0,1102.5,CUST-1153,Online,missing revenue
2026-02-02,D-00588,Usb Cable,USB-1,North,David,19.0,12.0,228.0,CUST-1289,Online,mixed quantity type
2026-04-21,D-00589,Usb Cable,USB-1,East,Carla,38.0,180.0,456.0,CUST-1214,Online,mixed price type
2026-03-22,D-00590,Monitor,MON-1,West,David,3.0,180.0,540.0,CUST-1036,Store,mixed quantity type
2026-05-11,D-00591,Keyboard,KEY-1,East,Bob,2.0,45.0,90.0,CUST-1273,Online,mixed quantity type
2026-03-09,D-00592,Keyboard,KEY-1,North,Bob,7.0,45.0,585.0,CUST-1229,Online,mixed quantity type
2026-02-02,D-00593,Mouse,MOU-1,North,Carla,25.0,25.0,625.0,CUST-1062,B2B,mixed quantity type
2026-03-12,D-00594,Usb Cable,USB-1,North,Alice,6.0,12.0,72.0,CUST-1240,Store,mixed quantity type
2026-03-26,D-00595,Laptop,LAP-1,East,Alice,22.0,645.0,15345.0,CUST-1069,Online,mixed quantity type
2026-04-27,D-00596,Usb Cable,USB-1,North,Bob,36.0,12.0,432.0,CUST-1271,Online,mixed quantity type
2026-03-13,D-00597,Monitor,MON-1,South,Carla,7.0,180.0,3240.0,CUST-1006,Online,mixed quantity type
2026-03-29,D-00598,Monitor,MON-1,South,Carla,34.0,180.0,6120.0,CUST-1089,Online,mixed quantity type
2026-03-14,D-00599,Keyboard,KEY-1,East,Carla,30.0,180.0,1350.0,CUST-1186,Online,mixed price type
2026-04-30,D-00600,Headset,HDS-1,South,Carla,20.0,95.0,1900.0,CUST-1153,B2B,mixed quantity type
2026-04-28,D-00601,Usb Cable,USB-1,East,Alice,35.0,12.0,420.0,CUST-1057,Store,mixed quantity type
2026-02-25,D-00602,Laptop,LAP-1,South,Bob,7.0,645.0,5950.0,CUST-1278,B2B,mixed quantity type
2026-02-10,D-00603,Keyboard,KEY-1,North,David,30.0,45.0,1350.0,CUST-1030,Online,mixed quantity type
2026-03-25,D-00604,Usb Cable,USB-1,South,Alice,1.0,12.0,12.0,CUST-1298,Store,mixed quantity type
2026-03-06,D-00605,Monitor,MON-1,East,Carla,21.0,180.0,3780.0,CUST-1026,Store,mixed quantity type
2026-04-22,D-00606,Keyboard,KEY-1,East,Bob,23.0,45.0,1035.0,CUST-1125,B2B,mixed quantity type
2026-04-21,D-00607,Keyboard,KEY-1,North,David,9.0,45.0,405.0,CUST-1172,Online,mixed quantity type
2026-04-02,D-00608,Usb Cable,USB-1,West,Bob,9.0,12.0,108.0,CUST-1085,B2B,mixed quantity type
2026-04-28,D-00609,Headset,HDS-1,West,Carla,10.0,95.0,950.0,CUST-1082,Online,mixed quantity type
2026-04-30,D-00610,Usb Cable,USB-1,East,Carla,25.0,12.0,300.0,CUST-1092,Store,mixed quantity type
2026-04-22,D-00611,Monitor,MON-1,South,Carla,2.0,180.0,360.0,CUST-1286,Online,mixed quantity type
2026-05-08,D-00612,Headset,HDS-1,South,Alice,12.0,95.0,1140.0,CUST-1079,Store,mixed quantity type
2026-05-04,D-00613,Usb Cable,USB-1,West,Bob,18.0,12.0,1102.5,CUST-1071,Store,missing revenue
2026-05-08,D-00614,Headset,HDS-1,North,David,1.0,95.0,95.0,CUST-1123,Online,mixed quantity type
2026-04-16,D-00615,Keyboard,KEY-1,South,Alice,7.0,45.0,315.0,CUST-1276,Store,mixed quantity type
2026-02-22,D-00616,Keyboard,KEY-1,North,Carla,35.0,45.0,1575.0,CUST-1001,Online,mixed quantity type
2026-03-02,D-00617,Keyboard,KEY-1,East,Bob,26.0,45.0,1170.0,CUST-1220,Online,mixed quantity type
2026-02-25,D-00618,Keyboard,KEY-1,East,Carla,96.0,45.0,15345.0,CUST-1184,Online,extreme outlier
2026-02-13,D-00619,Monitor,MON-1,South,Bob,33.0,180.0,5940.0,CUST-1187,Online,mixed quantity type
2026-04-09,D-00620,Monitor,MON-1,East,Carla,12.0,180.0,2160.0,CUST-1107,B2B,mixed quantity type
2026-03-29,D-00621,Monitor,MON-1,East,Bob,4.0,180.0,720.0,CUST-1107,Online,mixed quantity type
2026-04-15,D-00622,Mouse,MOU-1,West,Carla,24.0,25.0,600.0,CUST-1202,Online,mixed quantity type
2026-04-27,D-00623,Mouse,MOU-1,East,Carla,26.0,25.0,650.0,CUST-1198,Online,mixed quantity type
2026-02-14,D-00624,Monitor,MON-1,East,Alice,11.0,180.0,1980.0,CUST-1120,Store,mixed quantity type
2026-05-01,D-00625,Monitor,MON-1,East,Carla,20.0,180.0,3600.0,CUST-1144,Store,mixed quantity type
2026-02-11,D-00626,Headset,HDS-1,West,Bob,6.0,95.0,570.0,CUST-1017,Store,mixed quantity type
2026-02-13,D-00627,Laptop,LAP-1,North,Bob,7.0,645.0,5950.0,CUST-1268,B2B,mixed quantity type
2026-03-19,D-00628,Keyboard,KEY-1,South,Carla,20.0,45.0,1102.5,CUST-1193,Store,missing revenue
2026-02-21,D-00629,Usb Cable,USB-1,East,Carla,23.0,12.0,1102.5,CUST-1269,Online,missing revenue
2026-02-11,D-00630,Laptop,LAP-1,West,Alice,25.0,645.0,15345.0,CUST-1093,Online,mixed quantity type
2026-02-01,D-00631,Keyboard,KEY-1,West,David,27.0,45.0,1215.0,CUST-1102,Store,mixed quantity type
2026-04-23,D-00632,Usb Cable,USB-1,North,Carla,7.0,12.0,84.0,CUST-1142,Online,mixed quantity type
2026-02-04,D-00633,Monitor,MON-1,East,Bob,25.0,180.0,4500.0,CUST-1075,Online,mixed quantity type
2026-03-28,D-00634,Keyboard,KEY-1,South,Bob,4.0,45.0,180.0,CUST-1177,B2B,mixed quantity type
2026-05-07,D-00635,Keyboard,KEY-1,North,Carla,1.0,45.0,45.0,CUST-1087,Store,mixed quantity type
2026-04-08,D-00636,Keyboard,KEY-1,South,Alice,2.0,45.0,90.0,CUST-1217,Online,mixed quantity type
2026-03-29,D-00637,Laptop,LAP-1,South,Alice,17.0,645.0,14450.0,CUST-1255,Online,mixed quantity type
2026-03-05,D-00638,Monitor,MON-1,North,Bob,37.0,180.0,6660.0,CUST-1288,Store,mixed quantity type
2026-04-30,D-00639,Mouse,MOU-1,East,Bob,19.0,25.0,475.0,CUST-1259,Online,mixed quantity type
2026-04-12,D-00640,Laptop,LAP-1,West,David,23.0,645.0,15345.0,CUST-1071,Online,mixed quantity type
2026-03-29,D-00641,Monitor,MON-1,South,Alice,7.0,180.0,6480.0,CUST-1167,Online,mixed quantity type
2026-04-03,D-00642,Headset,HDS-1,West,Alice,15.0,95.0,1425.0,CUST-1118,Store,mixed quantity type
2026-03-10,D-00643,Mouse,MOU-1,South,Alice,4.0,25.0,100.0,CUST-1086,Online,mixed quantity type
2026-03-05,D-00644,Usb Cable,USB-1,South,Carla,26.0,12.0,312.0,CUST-1151,Online,mixed quantity type
2026-05-09,D-00645,Headset,HDS-1,West,Carla,15.0,95.0,1425.0,CUST-1079,Online,mixed quantity type
2026-04-13,D-00646,Keyboard,KEY-1,West,Carla,7.0,45.0,1530.0,CUST-1049,B2B,mixed quantity type
2026-04-13,D-00647,Monitor,MON-1,South,Alice,16.0,180.0,2880.0,CUST-1170,Online,mixed quantity type
2026-05-08,D-00648,Keyboard,KEY-1,North,David,33.0,45.0,1485.0,CUST-1060,Store,mixed quantity type
2026-02-17,D-00649,Mouse,MOU-1,East,Carla,30.0,25.0,750.0,CUST-1147,B2B,mixed quantity type
2026-04-02,D-00650,Usb Cable,USB-1,East,Carla,15.0,12.0,180.0,CUST-1005,Online,mixed quantity type
2026-02-26,D-00651,Headset,HDS-1,West,Carla,17.0,95.0,1615.0,CUST-1271,Online,mixed quantity type
2026-03-15,D-00652,Headset,HDS-1,West,Carla,32.0,95.0,3040.0,CUST-1207,Online,mixed quantity type
2026-02-01,D-00653,Monitor,MON-1,South,Carla,9.0,180.0,1620.0,CUST-1134,Online,mixed quantity type
2026-02-19,D-00654,Laptop,LAP-1,South,Bob,96.0,645.0,15345.0,CUST-1182,Store,extreme outlier
2026-04-10,D-00655,Headset,HDS-1,East,David,96.0,95.0,15345.0,CUST-1059,Online,extreme outlier
2026-02-03,D-00656,Mouse,MOU-1,East,David,26.0,25.0,650.0,CUST-1067,Online,mixed quantity type
2026-03-28,D-00657,Monitor,MON-1,West,Alice,36.0,180.0,6480.0,CUST-1218,Store,mixed quantity type
2026-03-24,D-00658,Monitor,MON-1,East,Alice,34.0,180.0,6120.0,CUST-1127,B2B,mixed price type
2026-03-04,D-00659,Monitor,MON-1,East,Bob,25.0,180.0,4500.0,CUST-1112,Online,mixed quantity type
2026-02-27,D-00660,Usb Cable,USB-1,East,Alice,23.0,12.0,276.0,CUST-1267,Online,mixed quantity type
2026-04-10,D-00661,Keyboard,KEY-1,South,Carla,13.0,45.0,585.0,CUST-1015,Online,mixed quantity type
2026-02-11,D-00662,Keyboard,KEY-1,East,David,40.0,45.0,1800.0,CUST-1139,Online,mixed quantity type
2026-04-04,D-00663,Mouse,MOU-1,West,Alice,29.0,25.0,725.0,CUST-1294,Online,mixed quantity type
2026-02-25,D-00664,Usb Cable,USB-1,South,Carla,5.0,12.0,60.0,CUST-1230,Store,mixed quantity type
2026-04-20,D-00665,Monitor,MON-1,West,Carla,7.0,180.0,1260.0,CUST-1010,B2B,mixed quantity type
2026-04-02,D-00666,Mouse,MOU-1,North,Alice,26.0,25.0,650.0,CUST-1150,Online,mixed quantity type
2026-05-02,D-00667,Headset,HDS-1,South,Bob,32.0,95.0,3040.0,CUST-1016,Online,mixed quantity type
2026-05-03,D-00668,Mouse,MOU-1,East,Carla,7.0,25.0,175.0,CUST-1034,Online,mixed quantity type
2026-05-04,D-00669,Monitor,MON-1,North,Bob,37.0,180.0,6660.0,CUST-1210,Store,mixed quantity type
2026-03-12,D-00670,Laptop,LAP-1,West,Carla,7.0,645.0,6800.0,CUST-1230,Online,mixed quantity type
2026-02-19,D-00671,Monitor,MON-1,North,Bob,21.0,180.0,3780.0,CUST-1300,Online,mixed quantity type
2026-02-22,D-00672,Monitor,MON-1,West,Bob,36.0,180.0,6480.0,CUST-1132,Store,mixed quantity type
2026-04-28,D-00673,Usb Cable,USB-1,South,Alice,5.0,12.0,60.0,CUST-1178,Online,mixed quantity type
2026-04-13,D-00674,Keyboard,KEY-1,East,Carla,24.0,45.0,1080.0,CUST-1109,Online,mixed quantity type
2026-03-26,D-00675,Mouse,MOU-1,East,Alice,8.0,25.0,200.0,CUST-1252,Online,mixed quantity type
2026-03-28,D-00676,Usb Cable,USB-1,South,Carla,17.0,12.0,204.0,CUST-1001,Online,mixed quantity type
2026-02-08,D-00677,Headset,HDS-1,South,Alice,18.0,180.0,1710.0,CUST-1026,Online,mixed price type
2026-03-27,D-00678,Keyboard,KEY-1,West,Carla,3.0,45.0,135.0,CUST-1268,Online,mixed quantity type
2026-02-21,D-00679,Mouse,MOU-1,South,Bob,36.0,25.0,900.0,CUST-1232,Store,mixed quantity type
2026-05-07,D-00680,Keyboard,KEY-1,West,Bob,17.0,45.0,765.0,CUST-1191,Online,mixed quantity type
2026-04-24,D-00681,Usb Cable,USB-1,South,Carla,31.0,12.0,372.0,CUST-1228,Online,mixed quantity type
2026-02-25,D-00682,Usb Cable,USB-1,West,Bob,30.0,12.0,360.0,CUST-1247,Online,mixed quantity type
2026-02-08,D-00683,Headset,HDS-1,South,Alice,21.0,95.0,1995.0,CUST-1220,Online,mixed quantity type
2026-04-05,D-00684,Monitor,MON-1,East,Alice,8.0,180.0,1440.0,CUST-1243,B2B,mixed quantity type
2026-03-01,D-00685,Headset,HDS-1,East,Alice,2.0,95.0,190.0,CUST-1023,B2B,mixed quantity type
2026-02-16,D-00686,Mouse,MOU-1,South,Bob,7.0,25.0,175.0,CUST-1245,Online,mixed quantity type
2026-03-29,D-00687,Laptop,LAP-1,West,Carla,10.0,645.0,8500.0,CUST-1052,Online,mixed quantity type
2026-03-28,D-00688,Mouse,MOU-1,North,Alice,7.0,25.0,525.0,CUST-1150,Store,mixed quantity type
2026-04-07,D-00689,Usb Cable,USB-1,North,Bob,7.0,12.0,84.0,CUST-1224,Online,mixed quantity type
2026-02-19,D-00690,Headset,HDS-1,South,Alice,23.0,95.0,2185.0,CUST-1163,Store,mixed quantity type
2026-03-12,D-00691,Monitor,MON-1,South,Carla,18.0,180.0,3240.0,CUST-1239,Store,mixed quantity type
2026-02-21,D-00692,Headset,HDS-1,West,Alice,3.0,95.0,285.0,CUST-1163,Online,mixed quantity type
2026-05-01,D-00693,Keyboard,KEY-1,South,Carla,3.0,45.0,135.0,CUST-1015,Online,mixed quantity type
2026-04-21,D-00694,Monitor,MON-1,West,Alice,15.0,180.0,1102.5,CUST-1221,Online,missing revenue
2026-03-29,D-00695,Monitor,MON-1,South,Bob,26.0,180.0,4680.0,CUST-1142,Store,mixed quantity type
2026-04-22,D-00696,Headset,HDS-1,South,David,8.0,95.0,760.0,CUST-1114,Online,mixed quantity type
2026-02-22,D-00697,Usb Cable,USB-1,South,Alice,28.0,12.0,336.0,CUST-1122,Store,mixed quantity type
2026-02-05,D-00698,Keyboard,KEY-1,East,Carla,29.0,45.0,1305.0,CUST-1285,Online,mixed quantity type
2026-04-13,D-00699,Monitor,MON-1,North,David,19.0,180.0,3420.0,CUST-1061,Online,mixed quantity type
2026-03-29,D-00700,Laptop,LAP-1,North,David,23.0,645.0,15345.0,CUST-1018,Store,mixed quantity type
2026-02-25,D-00597,Monitor,MON-1,South,Carla,7.0,180.0,3240.0,CUST-1006,Online,mixed quantity type
